{
  "project_info": {
    "project_number": "315990195326",
    "firebase_url": "https://fastandfastabiq-default-rtdb.asia-southeast1.firebasedatabase.app",
    "project_id": "fastandfastabiq",
    "storage_bucket": "fastandfastabiq.appspot.com"
  },
  "client": [
    {
      "client_info": {
        "mobilesdk_app_id": "1:315990195326:android:c89f2e3b13fc5d00ee6c2f",
        "android_client_info": {
          "package_name": "com.kodokdisko.individualproject"
        }
      },
      "oauth_client": [
        {
          "client_id": "315990195326-r49fthotlocgmt34m87maj7hciepvndq.apps.googleusercontent.com",
          "client_type": 1,
          "android_info": {
            "package_name": "com.kodokdisko.individualproject",
            "certificate_hash": "e80e0e9933da5107348dbef14e32036fb896cc2a"
          }
        },
        {
          "client_id": "315990195326-8v1jf8i1ndeq0395nga63pgt58buns70.apps.googleusercontent.com",
          "client_type": 3
        }
      ],
      "api_key": [
        {
          "current_key": "AIzaSyAMz-TOgWuQpxLY9mGnqd3ydnXHQw-9eWg"
        }
      ],
      "services": {
        "appinvite_service": {
          "other_platform_oauth_client": [
            {
              "client_id": "315990195326-8v1jf8i1ndeq0395nga63pgt58buns70.apps.googleusercontent.com",
              "client_type": 3
            }
          ]
        }
      }
    }
  ],
  "configuration_version": "1"
}